{"uuids": {"phone_id": "c4f55979-8fde-4791-834b-cfb537f44f90", "uuid": "811c8f7e-9f2b-4588-bff3-52920cdad6ed", "client_session_id": "d1fb2cbd-e129-4484-86df-2b1605c4805e", "advertising_id": "1e62f6c4-ac38-405e-baaf-b87d628291e6", "device_id": "android-483dd0c6a985d9f6"}, "cookie": {"csrftoken": "j5qblxvBepQR5jTsAdne0xckXjCSDwY7", "ds_user_id": "48070542859", "ig_direct_region_hint": "ASH", "mid": "YNL9SAABAAEu9uKg4d8Cgu2cPWkZ", "rur": "NAO", "sessionid": "48070542859%3AQB25ud3WLlw2ZO%3A14"}, "timing_value": {"last_login": 1624440145.0815203, "last_experiments": 1624440145.0815203}, "device_settings": {"app_version": "117.0.0.28.123", "android_version": "28", "android_release": "9.0", "dpi": "420dpi", "resolution": "1080x1920", "manufacturer": "OnePlus", "device": "ONEPLUS A3003", "model": "OnePlus3", "cpu": "qcom", "version_code": "180322800"}, "user_agent": "Instagram 117.0.0.28.123 Android (28/9.0; 420dpi; 1080x1920; OnePlus; ONEPLUS A3003; OnePlus3; qcom; en_US; 180322800)"}