{"uuids": {"phone_id": "3fc3a52a-2335-4911-9f76-b79151283981", "uuid": "5470ac22-3346-433a-a2e0-184f137f52a8", "client_session_id": "03f0965b-d9ef-4e06-8cd7-4ecc03c9c9bf", "advertising_id": "223644db-6d6f-4c50-8e20-10a3c42d669c", "device_id": "android-af90135e8af84465"}, "cookie": {"csrftoken": "J1eUJmmLoFWsABit6gs37yva6o1KQNi9", "ds_user_id": "32697756216", "ig_direct_region_hint": "ATN", "mid": "YLmtGgABAAHdJTgMeB7Zvp2ETdlJ", "rur": "FTW", "sessionid": "32697756216%3AM5cKpjlQA0EhBM%3A2", "shbid": "5405", "shbts": "1622781215.0494735"}, "timing_value": {"last_login": 1622781220.9576483, "last_experiments": 1622781220.958754}, "device_settings": {"app_version": "117.0.0.28.123", "android_version": "28", "android_release": "9.0", "dpi": "420dpi", "resolution": "1080x1920", "manufacturer": "OnePlus", "device": "ONEPLUS A3003", "model": "OnePlus3", "cpu": "qcom", "version_code": "180322800"}, "user_agent": "Instagram 117.0.0.28.123 Android (28/9.0; 420dpi; 1080x1920; OnePlus; ONEPLUS A3003; OnePlus3; qcom; en_US; 180322800)"}